{
  "id": "748ad431-ea18-45f1-ba3c-88aa8ab2501d",
  "name": "ChartType",
  "isOverridable": true,
  "entries": [
    {
      "value": "BarChart",
      "synonyms": [
        "Bar",
        "Barchart",
        "bar chart",
        "Chart"
      ]
    },
    {
      "value": "LineChart",
      "synonyms": [
        "Line",
        "Linechart",
        "Line chart"
      ]
    },
    {
      "value": "PieChart",
      "synonyms": [
        "Pie",
        "Piechart",
        "Pie chart"
      ]
    },
    {
      "value": "TreeChart",
      "synonyms": [
        "treechart"
      ]
    },
    {
      "value": "PivotChart",
      "synonyms": [
        "pivotchart",
        "pivottable",
        "pivot table",
        "pivot chart",
        "pivot table chart"
      ]
    },
    {
      "value": "MapChart",
      "synonyms": [
        "mapchart",
        "map point",
        "map"
      ]
    },
    {
      "value": "ScatterChart",
      "synonyms": [
        "ScatterChart",
        "Scatterplot",
        "scatter chart",
        "scatter plot",
        "scatter"
      ]
    },
    {
      "value": "barchar",
      "synonyms": [
        "barchar"
      ]
    },
    {
      "value": "tree chart",
      "synonyms": [
        "tree chart",
        "treechart",
        "square chart"
      ]
    },
    {
      "value": "treemap",
      "synonyms": [
        "treemap"
      ]
    }
  ],
  "isEnum": false,
  "automatedExpansion": false
}