{
  "id": "212d4e18-fe2f-4552-95af-f764c2a14e57",
  "name": "Dimension",
  "isOverridable": true,
  "entries": [
    {
      "value": "product",
      "synonyms": [
        "product"
      ]
    },
    {
      "value": "city",
      "synonyms": [
        "city"
      ]
    },
    {
      "value": "customer",
      "synonyms": [
        "customer"
      ]
    },
    {
      "value": "region",
      "synonyms": [
        "region"
      ]
    },
    {
      "value": "channel",
      "synonyms": [
        "channel"
      ]
    },
    {
      "value": "division",
      "synonyms": [
        "division"
      ]
    },
    {
      "value": "state",
      "synonyms": [
        "state"
      ]
    },
    {
      "value": "rep",
      "synonyms": [
        "rep"
      ]
    },
    {
      "value": "basket produce line",
      "synonyms": [
        "basket produce line"
      ]
    },
    {
      "value": "line",
      "synonyms": [
        "line"
      ]
    },
    {
      "value": "country",
      "synonyms": [
        "country"
      ]
    },
    {
      "value": "office",
      "synonyms": [
        "office"
      ]
    },
    {
      "value": "year",
      "synonyms": [
        "year"
      ]
    },
    {
      "value": "gender",
      "synonyms": [
        "gender"
      ]
    },
    {
      "value": "sales",
      "synonyms": [
        "sales"
      ]
    },
    {
      "value": "states",
      "synonyms": [
        "states"
      ]
    },
    {
      "value": "genre",
      "synonyms": [
        "genre"
      ]
    },
    {
      "value": "client",
      "synonyms": [
        "client"
      ]
    },
    {
      "value": "Advisor",
      "synonyms": [
        "Advisor"
      ]
    },
    {
      "value": "Client",
      "synonyms": [
        "Client"
      ]
    },
    {
      "value": "Deposit",
      "synonyms": [
        "Deposit"
      ]
    },
    {
      "value": "month",
      "synonyms": [
        "month"
      ]
    },
    {
      "value": "office",
      "synonyms": [
        "office"
      ]
    },
    {
      "value": "period",
      "synonyms": [
        "period"
      ]
    },
    {
      "value": "contacts",
      "synonyms": [
        "contacts"
      ]
    },
    {
      "value": "quarter",
      "synonyms": [
        "quarter"
      ]
    },
    {
      "value": "region",
      "synonyms": [
        "region"
      ]
    },
    {
      "value": "week",
      "synonyms": [
        "week"
      ]
    },
    {
      "value": "location",
      "synonyms": [
        "location"
      ]
    },
    {
      "value": "salesman",
      "synonyms": [
        "salesman"
      ]
    },
    {
      "value": "time",
      "synonyms": [
        "time"
      ]
    },
    {
      "value": "deals",
      "synonyms": [
        "deals"
      ]
    },
    {
      "value": "category",
      "synonyms": [
        "category"
      ]
    },
    {
      "value": "accounts",
      "synonyms": [
        "accounts"
      ]
    },
    {
      "value": "Costumers",
      "synonyms": [
        "Costumers"
      ]
    },
    {
      "value": "Regional advisor",
      "synonyms": [
        "Regional advisor"
      ]
    },
    {
      "value": "gasolinera",
      "synonyms": [
        "gasolinera"
      ]
    },
    {
      "value": "rotulo",
      "synonyms": [
        "rotulo"
      ]
    },
    {
      "value": "provincia",
      "synonyms": [
        "provincia"
      ]
    },
    {
      "value": "cistomer",
      "synonyms": [
        "cistomer"
      ]
    },
    {
      "value": "areas",
      "synonyms": [
        "areas"
      ]
    },
    {
      "value": "margin",
      "synonyms": [
        "margin"
      ]
    },
    {
      "value": "project type",
      "synonyms": [
        "project type"
      ]
    },
    {
      "value": "geo",
      "synonyms": [
        "geo"
      ]
    },
    {
      "value": "deparment",
      "synonyms": [
        "deparment"
      ]
    },
    {
      "value": "company",
      "synonyms": [
        "company"
      ]
    },
    {
      "value": "invoice date",
      "synonyms": [
        "invoice date"
      ]
    },
    {
      "value": "Representant",
      "synonyms": [
        "Representant"
      ]
    },
    {
      "value": "fiscal year",
      "synonyms": [
        "fiscal year"
      ]
    },
    {
      "value": "yearmonth",
      "synonyms": [
        "yearmonth"
      ]
    },
    {
      "value": "monthly",
      "synonyms": [
        "monthly"
      ]
    },
    {
      "value": "customers",
      "synonyms": [
        "customers"
      ]
    },
    {
      "value": "zone",
      "synonyms": [
        "zone"
      ]
    },
    {
      "value": "yrear",
      "synonyms": [
        "yrear"
      ]
    },
    {
      "value": "county",
      "synonyms": [
        "county"
      ]
    },
    {
      "value": "distributors",
      "synonyms": [
        "distributors"
      ]
    },
    {
      "value": "warehouse",
      "synonyms": [
        "warehouse"
      ]
    },
    {
      "value": "Channel",
      "synonyms": [
        "Channel"
      ]
    },
    {
      "value": "Family",
      "synonyms": [
        "Family"
      ]
    },
    {
      "value": "Order Status",
      "synonyms": [
        "Order Status"
      ]
    },
    {
      "value": "Manager",
      "synonyms": [
        "Manager"
      ]
    },
    {
      "value": "Date",
      "synonyms": [
        "Date"
      ]
    },
    {
      "value": "Region",
      "synonyms": [
        "Region"
      ]
    },
    {
      "value": "LocationName",
      "synonyms": [
        "LocationName"
      ]
    },
    {
      "value": "Product Group Description",
      "synonyms": [
        "Product Group Description"
      ]
    },
    {
      "value": "SalesDate",
      "synonyms": [
        "SalesDate"
      ]
    },
    {
      "value": "Product Group",
      "synonyms": [
        "Product Group"
      ]
    },
    {
      "value": "Product",
      "synonyms": [
        "Product"
      ]
    },
    {
      "value": "Category",
      "synonyms": [
        "Category"
      ]
    },
    {
      "value": "Store",
      "synonyms": [
        "Store"
      ]
    },
    {
      "value": "Format",
      "synonyms": [
        "Format"
      ]
    },
    {
      "value": "Product Category",
      "synonyms": [
        "Product Category"
      ]
    },
    {
      "value": "Stores",
      "synonyms": [
        "Stores"
      ]
    },
    {
      "value": "Store Type",
      "synonyms": [
        "Store Type"
      ]
    }
  ],
  "isEnum": true,
  "automatedExpansion": true
}