{
  "id": "2c0a212e-c8d3-465a-9dfe-a14ba3a085d8",
  "name": "Element",
  "isOverridable": true,
  "entries": [
    {
      "value": "Drink",
      "synonyms": [
        "Drink"
      ]
    },
    {
      "value": "Food",
      "synonyms": [
        "Food"
      ]
    },
    {
      "value": "Alcoholic Beverages",
      "synonyms": [
        "Alcoholic Beverages"
      ]
    },
    {
      "value": "Baked Goods",
      "synonyms": [
        "Baked Goods"
      ]
    },
    {
      "value": "Baking Goods",
      "synonyms": [
        "Baking Goods"
      ]
    },
    {
      "value": "Beverages",
      "synonyms": [
        "Beverages"
      ]
    },
    {
      "value": "Breakfast Foods",
      "synonyms": [
        "Breakfast Foods"
      ]
    },
    {
      "value": "Canned Foods",
      "synonyms": [
        "Canned Foods"
      ]
    },
    {
      "value": "Canned Products",
      "synonyms": [
        "Canned Products"
      ]
    },
    {
      "value": "Dairy",
      "synonyms": [
        "Dairy"
      ]
    },
    {
      "value": "Deli",
      "synonyms": [
        "Deli"
      ]
    },
    {
      "value": "Eggs",
      "synonyms": [
        "Eggs"
      ]
    },
    {
      "value": "Frozen Foods",
      "synonyms": [
        "Frozen Foods"
      ]
    },
    {
      "value": "Meat",
      "synonyms": [
        "Meat"
      ]
    },
    {
      "value": "Produce",
      "synonyms": [
        "Produce"
      ]
    },
    {
      "value": "Seafood",
      "synonyms": [
        "Seafood"
      ]
    },
    {
      "value": "Snack Foods",
      "synonyms": [
        "Snack Foods"
      ]
    },
    {
      "value": "Snacks",
      "synonyms": [
        "Snacks"
      ]
    },
    {
      "value": "Starchy Foods",
      "synonyms": [
        "Starchy Foods"
      ]
    },
    {
      "value": "Baking Goods",
      "synonyms": [
        "Baking Goods"
      ]
    },
    {
      "value": "Beer and Wine",
      "synonyms": [
        "Beer and Wine"
      ]
    },
    {
      "value": "Bread",
      "synonyms": [
        "Bread"
      ]
    },
    {
      "value": "Breakfast Foods",
      "synonyms": [
        "Breakfast Foods"
      ]
    },
    {
      "value": "Candy",
      "synonyms": [
        "Candy"
      ]
    },
    {
      "value": "Canned Anchovies",
      "synonyms": [
        "Canned Anchovies"
      ]
    },
    {
      "value": "Canned Clams",
      "synonyms": [
        "Canned Clams"
      ]
    },
    {
      "value": "Canned Oysters",
      "synonyms": [
        "Canned Oysters"
      ]
    },
    {
      "value": "Canned Sardines",
      "synonyms": [
        "Canned Sardines"
      ]
    },
    {
      "value": "Canned Shrimp",
      "synonyms": [
        "Canned Shrimp"
      ]
    },
    {
      "value": "Canned Soup",
      "synonyms": [
        "Canned Soup"
      ]
    },
    {
      "value": "Canned Tuna",
      "synonyms": [
        "Canned Tuna"
      ]
    },
    {
      "value": "Carbonated Beverages",
      "synonyms": [
        "Carbonated Beverages"
      ]
    },
    {
      "value": "Dairy",
      "synonyms": [
        "Dairy"
      ]
    },
    {
      "value": "Drinks",
      "synonyms": [
        "Drinks"
      ]
    },
    {
      "value": "Eggs",
      "synonyms": [
        "Eggs"
      ]
    },
    {
      "value": "Frozen Desserts",
      "synonyms": [
        "Frozen Desserts"
      ]
    },
    {
      "value": "Frozen Entrees",
      "synonyms": [
        "Frozen Entrees"
      ]
    },
    {
      "value": "Fruit",
      "synonyms": [
        "Fruit"
      ]
    },
    {
      "value": "Hot Beverages",
      "synonyms": [
        "Hot Beverages"
      ]
    },
    {
      "value": "Jams and Jellies",
      "synonyms": [
        "Jams and Jellies"
      ]
    },
    {
      "value": "Meat",
      "synonyms": [
        "Meat"
      ]
    },
    {
      "value": "Packaged Vegetables",
      "synonyms": [
        "Packaged Vegetables"
      ]
    },
    {
      "value": "Pizza",
      "synonyms": [
        "Pizza"
      ]
    },
    {
      "value": "Pure Juice Beverages",
      "synonyms": [
        "Pure Juice Beverages"
      ]
    },
    {
      "value": "Seafood",
      "synonyms": [
        "Seafood"
      ]
    },
    {
      "value": "Side Dishes",
      "synonyms": [
        "Side Dishes"
      ]
    },
    {
      "value": "Snack Foods",
      "synonyms": [
        "Snack Foods"
      ]
    },
    {
      "value": "Specialty",
      "synonyms": [
        "Specialty"
      ]
    },
    {
      "value": "Starchy Foods",
      "synonyms": [
        "Starchy Foods"
      ]
    },
    {
      "value": "Vegetables",
      "synonyms": [
        "Vegetables"
      ]
    },
    {
      "value": "Anchovies",
      "synonyms": [
        "Anchovies"
      ]
    },
    {
      "value": "Bagels",
      "synonyms": [
        "Bagels"
      ]
    },
    {
      "value": "Beer",
      "synonyms": [
        "Beer"
      ]
    },
    {
      "value": "Bologna",
      "synonyms": [
        "Bologna"
      ]
    },
    {
      "value": "Canned Fruit",
      "synonyms": [
        "Canned Fruit"
      ]
    },
    {
      "value": "Canned Vegetables",
      "synonyms": [
        "Canned Vegetables"
      ]
    },
    {
      "value": "Cereal",
      "synonyms": [
        "Cereal"
      ]
    },
    {
      "value": "Cheese",
      "synonyms": [
        "Cheese"
      ]
    },
    {
      "value": "Chips",
      "synonyms": [
        "Chips"
      ]
    },
    {
      "value": "Chocolate",
      "synonyms": [
        "Chocolate"
      ]
    },
    {
      "value": "Chocolate Candy",
      "synonyms": [
        "Chocolate Candy"
      ]
    },
    {
      "value": "Clams",
      "synonyms": [
        "Clams"
      ]
    },
    {
      "value": "Coffee",
      "synonyms": [
        "Coffee"
      ]
    },
    {
      "value": "Cookies",
      "synonyms": [
        "Cookies"
      ]
    },
    {
      "value": "Cooking Oil",
      "synonyms": [
        "Cooking Oil"
      ]
    },
    {
      "value": "Cottage Cheese",
      "synonyms": [
        "Cottage Cheese"
      ]
    },
    {
      "value": "Crackers",
      "synonyms": [
        "Crackers"
      ]
    },
    {
      "value": "Deli Meats",
      "synonyms": [
        "Deli Meats"
      ]
    },
    {
      "value": "Deli Salads",
      "synonyms": [
        "Deli Salads"
      ]
    },
    {
      "value": "Dips",
      "synonyms": [
        "Dips"
      ]
    },
    {
      "value": "Donuts",
      "synonyms": [
        "Donuts"
      ]
    },
    {
      "value": "Dried Fruit",
      "synonyms": [
        "Dried Fruit"
      ]
    },
    {
      "value": "Dried Meat",
      "synonyms": [
        "Dried Meat"
      ]
    },
    {
      "value": "Eggs",
      "synonyms": [
        "Eggs"
      ]
    },
    {
      "value": "Flavored Drinks",
      "synonyms": [
        "Flavored Drinks"
      ]
    },
    {
      "value": "French Fries",
      "synonyms": [
        "French Fries"
      ]
    },
    {
      "value": "Fresh Chicken",
      "synonyms": [
        "Fresh Chicken"
      ]
    },
    {
      "value": "Fresh Fish",
      "synonyms": [
        "Fresh Fish"
      ]
    },
    {
      "value": "Fresh Fruit",
      "synonyms": [
        "Fresh Fruit"
      ]
    },
    {
      "value": "Fresh Vegetables",
      "synonyms": [
        "Fresh Vegetables"
      ]
    },
    {
      "value": "Frozen Chicken",
      "synonyms": [
        "Frozen Chicken"
      ]
    },
    {
      "value": "Frozen Vegetables",
      "synonyms": [
        "Frozen Vegetables"
      ]
    },
    {
      "value": "Gum",
      "synonyms": [
        "Gum"
      ]
    },
    {
      "value": "Hamburger",
      "synonyms": [
        "Hamburger"
      ]
    },
    {
      "value": "Hard Candy",
      "synonyms": [
        "Hard Candy"
      ]
    },
    {
      "value": "Hot Dogs",
      "synonyms": [
        "Hot Dogs"
      ]
    },
    {
      "value": "Ice Cream",
      "synonyms": [
        "Ice Cream"
      ]
    },
    {
      "value": "Jam",
      "synonyms": [
        "Jam"
      ]
    },
    {
      "value": "Jelly",
      "synonyms": [
        "Jelly"
      ]
    },
    {
      "value": "Juice",
      "synonyms": [
        "Juice"
      ]
    },
    {
      "value": "Milk",
      "synonyms": [
        "Milk"
      ]
    },
    {
      "value": "Muffins",
      "synonyms": [
        "Muffins"
      ]
    },
    {
      "value": "Nuts",
      "synonyms": [
        "Nuts"
      ]
    },
    {
      "value": "Oysters",
      "synonyms": [
        "Oysters"
      ]
    },
    {
      "value": "Pancake Mix",
      "synonyms": [
        "Pancake Mix"
      ]
    },
    {
      "value": "Pancakes",
      "synonyms": [
        "Pancakes"
      ]
    },
    {
      "value": "Pasta",
      "synonyms": [
        "Pasta"
      ]
    },
    {
      "value": "Peanut Butter",
      "synonyms": [
        "Peanut Butter"
      ]
    },
    {
      "value": "Pizza",
      "synonyms": [
        "Pizza"
      ]
    },
    {
      "value": "Popcorn",
      "synonyms": [
        "Popcorn"
      ]
    },
    {
      "value": "Popsicles",
      "synonyms": [
        "Popsicles"
      ]
    },
    {
      "value": "Preserves",
      "synonyms": [
        "Preserves"
      ]
    },
    {
      "value": "Pretzels",
      "synonyms": [
        "Pretzels"
      ]
    },
    {
      "value": "Rice",
      "synonyms": [
        "Rice"
      ]
    },
    {
      "value": "Sardines",
      "synonyms": [
        "Sardines"
      ]
    },
    {
      "value": "Sauces",
      "synonyms": [
        "Sauces"
      ]
    },
    {
      "value": "Shellfish",
      "synonyms": [
        "Shellfish"
      ]
    },
    {
      "value": "Shrimp",
      "synonyms": [
        "Shrimp"
      ]
    },
    {
      "value": "Sliced Bread",
      "synonyms": [
        "Sliced Bread"
      ]
    },
    {
      "value": "Soda",
      "synonyms": [
        "Soda"
      ]
    },
    {
      "value": "Soup",
      "synonyms": [
        "Soup"
      ]
    },
    {
      "value": "Sour Cream",
      "synonyms": [
        "Sour Cream"
      ]
    },
    {
      "value": "Spices",
      "synonyms": [
        "Spices"
      ]
    },
    {
      "value": "Sugar",
      "synonyms": [
        "Sugar"
      ]
    },
    {
      "value": "Tofu",
      "synonyms": [
        "Tofu"
      ]
    },
    {
      "value": "Tuna",
      "synonyms": [
        "Tuna"
      ]
    },
    {
      "value": "TV Dinner",
      "synonyms": [
        "TV Dinner"
      ]
    },
    {
      "value": "Waffles",
      "synonyms": [
        "Waffles"
      ]
    },
    {
      "value": "Wine",
      "synonyms": [
        "Wine"
      ]
    },
    {
      "value": "Yogurt",
      "synonyms": [
        "Yogurt"
      ]
    },
    {
      "value": "California",
      "synonyms": [
        "California"
      ]
    },
    {
      "value": "East Anglia",
      "synonyms": [
        "East Anglia"
      ]
    },
    {
      "value": "East Midlands",
      "synonyms": [
        "East Midlands"
      ]
    },
    {
      "value": "Highlands",
      "synonyms": [
        "Highlands"
      ]
    },
    {
      "value": "London",
      "synonyms": [
        "London"
      ]
    },
    {
      "value": "North East",
      "synonyms": [
        "North East"
      ]
    },
    {
      "value": "North West",
      "synonyms": [
        "North West"
      ]
    },
    {
      "value": "Northern Ireland",
      "synonyms": [
        "Northern Ireland"
      ]
    },
    {
      "value": "South East",
      "synonyms": [
        "South East"
      ]
    },
    {
      "value": "South Wales",
      "synonyms": [
        "South Wales"
      ]
    },
    {
      "value": "Southern Scotland",
      "synonyms": [
        "Southern Scotland"
      ]
    },
    {
      "value": "Yorkshire \u0026 Humberside",
      "synonyms": [
        "Yorkshire \u0026 Humberside"
      ]
    },
    {
      "value": "accompaniment - Italian",
      "synonyms": [
        "accompaniment - Italian"
      ]
    },
    {
      "value": "Bacon - Back",
      "synonyms": [
        "Bacon - Back"
      ]
    },
    {
      "value": "Bacon - Joints",
      "synonyms": [
        "Bacon - Joints"
      ]
    },
    {
      "value": "Bacon - Pieces",
      "synonyms": [
        "Bacon - Pieces"
      ]
    },
    {
      "value": "Bagels",
      "synonyms": [
        "Bagels"
      ]
    },
    {
      "value": "Baguettes \u0026 French Stick",
      "synonyms": [
        "Baguettes \u0026 French Stick"
      ]
    },
    {
      "value": "Boxed Meals",
      "synonyms": [
        "Boxed Meals"
      ]
    },
    {
      "value": "Breast",
      "synonyms": [
        "Breast"
      ]
    },
    {
      "value": "Burger Rolls",
      "synonyms": [
        "Burger Rolls"
      ]
    },
    {
      "value": "Chicken - Filled coated",
      "synonyms": [
        "Chicken - Filled coated"
      ]
    },
    {
      "value": "Chicken - Free Range",
      "synonyms": [
        "Chicken - Free Range"
      ]
    },
    {
      "value": "Chicken - Legs \u0026 Thighs",
      "synonyms": [
        "Chicken - Legs \u0026 Thighs"
      ]
    },
    {
      "value": "Chicken Drumsticks - Coated",
      "synonyms": [
        "Chicken Drumsticks - Coated"
      ]
    },
    {
      "value": "Chicken Pieces - Coated",
      "synonyms": [
        "Chicken Pieces - Coated"
      ]
    },
    {
      "value": "Chicken Wing \u0026 Thighs - Coated",
      "synonyms": [
        "Chicken Wing \u0026 Thighs - Coated"
      ]
    },
    {
      "value": "Chinese sachet sauce",
      "synonyms": [
        "Chinese sachet sauce"
      ]
    },
    {
      "value": "Chinese Speciality Meal",
      "synonyms": [
        "Chinese Speciality Meal"
      ]
    },
    {
      "value": "Chow Mein",
      "synonyms": [
        "Chow Mein"
      ]
    },
    {
      "value": "Ciabatta",
      "synonyms": [
        "Ciabatta"
      ]
    },
    {
      "value": "Corn Fed Chicken - Coated",
      "synonyms": [
        "Corn Fed Chicken - Coated"
      ]
    },
    {
      "value": "Desserts",
      "synonyms": [
        "Desserts"
      ]
    },
    {
      "value": "Dried",
      "synonyms": [
        "Dried"
      ]
    },
    {
      "value": "Dripping",
      "synonyms": [
        "Dripping"
      ]
    },
    {
      "value": "Dry coatings",
      "synonyms": [
        "Dry coatings"
      ]
    },
    {
      "value": "Duck \u0026 other poultry",
      "synonyms": [
        "Duck \u0026 other poultry"
      ]
    },
    {
      "value": "Duck meals",
      "synonyms": [
        "Duck meals"
      ]
    },
    {
      "value": "Dumplings",
      "synonyms": [
        "Dumplings"
      ]
    },
    {
      "value": "Family Dinners",
      "synonyms": [
        "Family Dinners"
      ]
    },
    {
      "value": "Family Packs",
      "synonyms": [
        "Family Packs"
      ]
    },
    {
      "value": "Finger Rolls",
      "synonyms": [
        "Finger Rolls"
      ]
    },
    {
      "value": "Fish \u0026 Shellfish meals",
      "synonyms": [
        "Fish \u0026 Shellfish meals"
      ]
    },
    {
      "value": "Flat Breads",
      "synonyms": [
        "Flat Breads"
      ]
    },
    {
      "value": "Foo Yung",
      "synonyms": [
        "Foo Yung"
      ]
    },
    {
      "value": "Fresh cook",
      "synonyms": [
        "Fresh cook"
      ]
    },
    {
      "value": "Fresh Sauces",
      "synonyms": [
        "Fresh Sauces"
      ]
    },
    {
      "value": "Fried Rice",
      "synonyms": [
        "Fried Rice"
      ]
    },
    {
      "value": "Fruit loaf",
      "synonyms": [
        "Fruit loaf"
      ]
    },
    {
      "value": "Gastro Pub",
      "synonyms": [
        "Gastro Pub"
      ]
    },
    {
      "value": "German Food",
      "synonyms": [
        "German Food"
      ]
    },
    {
      "value": "Gravy \u0026 Stocks",
      "synonyms": [
        "Gravy \u0026 Stocks"
      ]
    },
    {
      "value": "Indian - Curry kits",
      "synonyms": [
        "Indian - Curry kits"
      ]
    },
    {
      "value": "Indian Curries - Chilled",
      "synonyms": [
        "Indian Curries - Chilled"
      ]
    },
    {
      "value": "Indian Meals For 2",
      "synonyms": [
        "Indian Meals For 2"
      ]
    },
    {
      "value": "Joints",
      "synonyms": [
        "Joints"
      ]
    },
    {
      "value": "Korean Meals",
      "synonyms": [
        "Korean Meals"
      ]
    },
    {
      "value": "Main meals",
      "synonyms": [
        "Main meals"
      ]
    },
    {
      "value": "Meal Solutions",
      "synonyms": [
        "Meal Solutions"
      ]
    },
    {
      "value": "Meal Accompaniments",
      "synonyms": [
        "Meal Accompaniments"
      ]
    },
    {
      "value": "Meat Sauces",
      "synonyms": [
        "Meat Sauces"
      ]
    },
    {
      "value": "Mediterranean Breads",
      "synonyms": [
        "Mediterranean Breads"
      ]
    },
    {
      "value": "Mediterranean Rolls",
      "synonyms": [
        "Mediterranean Rolls"
      ]
    },
    {
      "value": "Meze",
      "synonyms": [
        "Meze"
      ]
    },
    {
      "value": "Mixed flour loaves",
      "synonyms": [
        "Mixed flour loaves"
      ]
    },
    {
      "value": "Naan Breads - Ambient",
      "synonyms": [
        "Naan Breads - Ambient"
      ]
    },
    {
      "value": "Naan Breads - Chilled",
      "synonyms": [
        "Naan Breads - Chilled"
      ]
    },
    {
      "value": "New Zealand Lamb",
      "synonyms": [
        "New Zealand Lamb"
      ]
    },
    {
      "value": "Nordic Food",
      "synonyms": [
        "Nordic Food"
      ]
    },
    {
      "value": "Pasta meals",
      "synonyms": [
        "Pasta meals"
      ]
    },
    {
      "value": "Philipine cuisine experience",
      "synonyms": [
        "Philipine cuisine experience"
      ]
    },
    {
      "value": "Pizza",
      "synonyms": [
        "Pizza"
      ]
    },
    {
      "value": "Poland \u0026 Baltics Food",
      "synonyms": [
        "Poland \u0026 Baltics Food"
      ]
    },
    {
      "value": "Rice - Chilled",
      "synonyms": [
        "Rice - Chilled"
      ]
    },
    {
      "value": "Samosas",
      "synonyms": [
        "Samosas"
      ]
    },
    {
      "value": "Satay",
      "synonyms": [
        "Satay"
      ]
    },
    {
      "value": "Sauces",
      "synonyms": [
        "Sauces"
      ]
    },
    {
      "value": "Sauces \u0026 coatings",
      "synonyms": [
        "Sauces \u0026 coatings"
      ]
    },
    {
      "value": "Sauces \u0026 gravies",
      "synonyms": [
        "Sauces \u0026 gravies"
      ]
    },
    {
      "value": "Sausages",
      "synonyms": [
        "Sausages"
      ]
    },
    {
      "value": "Seasoned",
      "synonyms": [
        "Seasoned"
      ]
    },
    {
      "value": "Seasoned Chicken - Coated",
      "synonyms": [
        "Seasoned Chicken - Coated"
      ]
    },
    {
      "value": "Seeded Loaf",
      "synonyms": [
        "Seeded Loaf"
      ]
    },
    {
      "value": "Shellfish",
      "synonyms": [
        "Shellfish"
      ]
    },
    {
      "value": "Side dishes",
      "synonyms": [
        "Side dishes"
      ]
    },
    {
      "value": "Soups",
      "synonyms": [
        "Soups"
      ]
    },
    {
      "value": "Southern Fried",
      "synonyms": [
        "Southern Fried"
      ]
    },
    {
      "value": "Spanish Meals",
      "synonyms": [
        "Spanish Meals"
      ]
    },
    {
      "value": "Specialities",
      "synonyms": [
        "Specialities"
      ]
    },
    {
      "value": "Speciality Meats",
      "synonyms": [
        "Speciality Meats"
      ]
    },
    {
      "value": "Speciality Mongolian",
      "synonyms": [
        "Speciality Mongolian"
      ]
    },
    {
      "value": "Speciality rolls",
      "synonyms": [
        "Speciality rolls"
      ]
    },
    {
      "value": "Spices - fresh",
      "synonyms": [
        "Spices - fresh"
      ]
    },
    {
      "value": "Spring Rolls",
      "synonyms": [
        "Spring Rolls"
      ]
    },
    {
      "value": "Starters",
      "synonyms": [
        "Starters"
      ]
    },
    {
      "value": "Starters - Chilled",
      "synonyms": [
        "Starters - Chilled"
      ]
    },
    {
      "value": "Starters - Italian",
      "synonyms": [
        "Starters - Italian"
      ]
    },
    {
      "value": "Steaks",
      "synonyms": [
        "Steaks"
      ]
    },
    {
      "value": "Streaky Bacon",
      "synonyms": [
        "Streaky Bacon"
      ]
    },
    {
      "value": "Stuffings \u0026 Seasonings",
      "synonyms": [
        "Stuffings \u0026 Seasonings"
      ]
    },
    {
      "value": "Suschi",
      "synonyms": [
        "Suschi"
      ]
    },
    {
      "value": "Tagines",
      "synonyms": [
        "Tagines"
      ]
    },
    {
      "value": "Thai - Curries",
      "synonyms": [
        "Thai - Curries"
      ]
    },
    {
      "value": "Thai - Rices",
      "synonyms": [
        "Thai - Rices"
      ]
    },
    {
      "value": "Thai - Starters",
      "synonyms": [
        "Thai - Starters"
      ]
    },
    {
      "value": "Tofu",
      "synonyms": [
        "Tofu"
      ]
    },
    {
      "value": "Traditional - Cuts",
      "synonyms": [
        "Traditional - Cuts"
      ]
    },
    {
      "value": "Traditional - English Meals",
      "synonyms": [
        "Traditional - English Meals"
      ]
    },
    {
      "value": "Traditional - Whole Chicken",
      "synonyms": [
        "Traditional - Whole Chicken"
      ]
    },
    {
      "value": "Turkey",
      "synonyms": [
        "Turkey"
      ]
    },
    {
      "value": "Turkish - Main Meals",
      "synonyms": [
        "Turkish - Main Meals"
      ]
    },
    {
      "value": "White Loaf",
      "synonyms": [
        "White Loaf"
      ]
    },
    {
      "value": "Whole cuts",
      "synonyms": [
        "Whole cuts"
      ]
    },
    {
      "value": "Wholemeal flour",
      "synonyms": [
        "Wholemeal flour"
      ]
    },
    {
      "value": "Wings - Chicken",
      "synonyms": [
        "Wings - Chicken"
      ]
    },
    {
      "value": "Wontons",
      "synonyms": [
        "Wontons"
      ]
    },
    {
      "value": "Yoghurts \u0026 Dips",
      "synonyms": [
        "Yoghurts \u0026 Dips"
      ]
    },
    {
      "value": "City Centres",
      "synonyms": [
        "City Centres"
      ]
    },
    {
      "value": "Large out of town",
      "synonyms": [
        "Large out of town"
      ]
    },
    {
      "value": "Large Town",
      "synonyms": [
        "Large Town"
      ]
    },
    {
      "value": "Suburb/commuter",
      "synonyms": [
        "Suburb/commuter"
      ]
    },
    {
      "value": "Urban",
      "synonyms": [
        "Urban"
      ]
    },
    {
      "value": "ABERDEEN",
      "synonyms": [
        "ABERDEEN"
      ]
    },
    {
      "value": "BELFAST - CENTRAL",
      "synonyms": [
        "BELFAST - CENTRAL"
      ]
    },
    {
      "value": "BELFAST - SUBURBS",
      "synonyms": [
        "BELFAST - SUBURBS"
      ]
    },
    {
      "value": "BRISTOL - SUBURBS",
      "synonyms": [
        "BRISTOL - SUBURBS"
      ]
    },
    {
      "value": "CAMBERLEY",
      "synonyms": [
        "CAMBERLEY"
      ]
    },
    {
      "value": "CANTERBURY",
      "synonyms": [
        "CANTERBURY"
      ]
    },
    {
      "value": "CARDIFF",
      "synonyms": [
        "CARDIFF"
      ]
    },
    {
      "value": "CHESHUNT",
      "synonyms": [
        "CHESHUNT"
      ]
    },
    {
      "value": "DOUGLAS",
      "synonyms": [
        "DOUGLAS"
      ]
    },
    {
      "value": "EDINBURGH - GYLE",
      "synonyms": [
        "EDINBURGH - GYLE"
      ]
    },
    {
      "value": "EDINBURGH - KINNAIRD",
      "synonyms": [
        "EDINBURGH - KINNAIRD"
      ]
    },
    {
      "value": "EDINBURGH CENTRAL",
      "synonyms": [
        "EDINBURGH CENTRAL"
      ]
    },
    {
      "value": "GLASGOW- CENTRAL",
      "synonyms": [
        "GLASGOW- CENTRAL"
      ]
    },
    {
      "value": "GLASGOW - BRAEHEAD",
      "synonyms": [
        "GLASGOW - BRAEHEAD"
      ]
    },
    {
      "value": "GLASGOW - NEWTON MEARNS",
      "synonyms": [
        "GLASGOW - NEWTON MEARNS"
      ]
    },
    {
      "value": "GLASGOW - POLLOK",
      "synonyms": [
        "GLASGOW - POLLOK"
      ]
    },
    {
      "value": "GLASGOW - SAUCHIEHALL ST",
      "synonyms": [
        "GLASGOW - SAUCHIEHALL ST"
      ]
    },
    {
      "value": "HARROGATE",
      "synonyms": [
        "HARROGATE"
      ]
    },
    {
      "value": "INVERNESS",
      "synonyms": [
        "INVERNESS"
      ]
    },
    {
      "value": "LEEDS - CENTRAL",
      "synonyms": [
        "LEEDS - CENTRAL"
      ]
    },
    {
      "value": "LEEDS - MOORTOWN",
      "synonyms": [
        "LEEDS - MOORTOWN"
      ]
    },
    {
      "value": "LEEDS - PUDSEY",
      "synonyms": [
        "LEEDS - PUDSEY"
      ]
    },
    {
      "value": "LEICESTER",
      "synonyms": [
        "LEICESTER"
      ]
    },
    {
      "value": "LIVERPOOL",
      "synonyms": [
        "LIVERPOOL"
      ]
    },
    {
      "value": "LONDON - BLUEWATER",
      "synonyms": [
        "LONDON - BLUEWATER"
      ]
    },
    {
      "value": "LONDON - BRENT CROSS",
      "synonyms": [
        "LONDON - BRENT CROSS"
      ]
    },
    {
      "value": "LONDON - BROMLEY",
      "synonyms": [
        "LONDON - BROMLEY"
      ]
    },
    {
      "value": "LONDON - CROYDON",
      "synonyms": [
        "LONDON - CROYDON"
      ]
    },
    {
      "value": "LONDON - EALING BROADWAY",
      "synonyms": [
        "LONDON - EALING BROADWAY"
      ]
    },
    {
      "value": "LONDON - KINGS RD",
      "synonyms": [
        "LONDON - KINGS RD"
      ]
    },
    {
      "value": "LONDON - KINGSTON",
      "synonyms": [
        "LONDON - KINGSTON"
      ]
    },
    {
      "value": "LONDON - MARBLE ARCH",
      "synonyms": [
        "LONDON - MARBLE ARCH"
      ]
    },
    {
      "value": "MANCHESTER",
      "synonyms": [
        "MANCHESTER"
      ]
    },
    {
      "value": "NEWCASTLE - CENTRAL",
      "synonyms": [
        "NEWCASTLE - CENTRAL"
      ]
    },
    {
      "value": "NEWCASTLE - SUBURBS",
      "synonyms": [
        "NEWCASTLE - SUBURBS"
      ]
    },
    {
      "value": "NORWICH",
      "synonyms": [
        "NORWICH"
      ]
    },
    {
      "value": "OXFORD - CENTRAL",
      "synonyms": [
        "OXFORD - CENTRAL"
      ]
    },
    {
      "value": "OXFORD - SUBURBS",
      "synonyms": [
        "OXFORD - SUBURBS"
      ]
    },
    {
      "value": "PERTH",
      "synonyms": [
        "PERTH"
      ]
    },
    {
      "value": "ROMFORD",
      "synonyms": [
        "ROMFORD"
      ]
    },
    {
      "value": "SHEFFIELD",
      "synonyms": [
        "SHEFFIELD"
      ]
    },
    {
      "value": "SHOREHAM",
      "synonyms": [
        "SHOREHAM"
      ]
    },
    {
      "value": "SOUTHAMPTON",
      "synonyms": [
        "SOUTHAMPTON"
      ]
    },
    {
      "value": "ST ALBANS",
      "synonyms": [
        "ST ALBANS"
      ]
    },
    {
      "value": "STOCKPORT",
      "synonyms": [
        "STOCKPORT"
      ]
    },
    {
      "value": "TORBAY",
      "synonyms": [
        "TORBAY"
      ]
    },
    {
      "value": "TUNBRIDGE WELLS",
      "synonyms": [
        "TUNBRIDGE WELLS"
      ]
    },
    {
      "value": "WATFORD",
      "synonyms": [
        "WATFORD"
      ]
    },
    {
      "value": "WEYBRIDGE",
      "synonyms": [
        "WEYBRIDGE"
      ]
    },
    {
      "value": "YORK",
      "synonyms": [
        "YORK"
      ]
    },
    {
      "value": "Asian \u0026 Middle East",
      "synonyms": [
        "Asian \u0026 Middle East"
      ]
    },
    {
      "value": "Bakery",
      "synonyms": [
        "Bakery"
      ]
    },
    {
      "value": "European \u0026 American",
      "synonyms": [
        "European \u0026 American"
      ]
    },
    {
      "value": "Indian",
      "synonyms": [
        "Indian"
      ]
    },
    {
      "value": "Meat",
      "synonyms": [
        "Meat"
      ]
    },
    {
      "value": "Poultry",
      "synonyms": [
        "Poultry"
      ]
    }
  ],
  "isEnum": true,
  "automatedExpansion": true
}