{
  "id": "a258f4dd-ea76-46c1-9093-bb4a3bd7cc6c",
  "name": "Measure",
  "isOverridable": true,
  "entries": [
    {
      "value": "sales",
      "synonyms": [
        "sales"
      ]
    },
    {
      "value": "cost",
      "synonyms": [
        "cost"
      ]
    },
    {
      "value": "margin",
      "synonyms": [
        "margin"
      ]
    },
    {
      "value": "amount",
      "synonyms": [
        "amount"
      ]
    },
    {
      "value": "budget",
      "synonyms": [
        "budget"
      ]
    },
    {
      "value": "Revenue",
      "synonyms": [
        "Revenue"
      ]
    },
    {
      "value": "Quantity",
      "synonyms": [
        "Quantity"
      ]
    },
    {
      "value": "salesacum",
      "synonyms": [
        "salesacum"
      ]
    },
    {
      "value": "martin",
      "synonyms": [
        "martin"
      ]
    },
    {
      "value": "coast",
      "synonyms": [
        "coast"
      ]
    },
    {
      "value": "shipments",
      "synonyms": [
        "shipments"
      ]
    },
    {
      "value": "duration",
      "synonyms": [
        "duration"
      ]
    },
    {
      "value": "case",
      "synonyms": [
        "case"
      ]
    },
    {
      "value": "inventory",
      "synonyms": [
        "inventory"
      ]
    },
    {
      "value": "total cases",
      "synonyms": [
        "total cases"
      ]
    },
    {
      "value": "stock",
      "synonyms": [
        "stock"
      ]
    },
    {
      "value": "expenses",
      "synonyms": [
        "expenses"
      ]
    },
    {
      "value": "expense",
      "synonyms": [
        "expense"
      ]
    },
    {
      "value": "revenuew",
      "synonyms": [
        "revenuew"
      ]
    },
    {
      "value": "accidents",
      "synonyms": [
        "accidents"
      ]
    },
    {
      "value": "rep",
      "synonyms": [
        "rep"
      ]
    },
    {
      "value": "closed cases",
      "synonyms": [
        "closed cases"
      ]
    },
    {
      "value": "accidentes",
      "synonyms": [
        "accidentes"
      ]
    },
    {
      "value": "Gp",
      "synonyms": [
        "Gp"
      ]
    },
    {
      "value": "Ly sales",
      "synonyms": [
        "Ly sales"
      ]
    },
    {
      "value": "bonds",
      "synonyms": [
        "bonds"
      ]
    },
    {
      "value": "cash",
      "synonyms": [
        "cash"
      ]
    },
    {
      "value": "fees",
      "synonyms": [
        "fees"
      ]
    },
    {
      "value": "loans",
      "synonyms": [
        "loans"
      ]
    },
    {
      "value": "profit",
      "synonyms": [
        "profit"
      ]
    },
    {
      "value": "Trended Deposits",
      "synonyms": [
        "Trended Deposits"
      ]
    },
    {
      "value": "deposits",
      "synonyms": [
        "deposits"
      ]
    },
    {
      "value": "MTD fees",
      "synonyms": [
        "MTD fees"
      ]
    },
    {
      "value": "regional advisors",
      "synonyms": [
        "regional advisors"
      ]
    },
    {
      "value": "late shipments",
      "synonyms": [
        "late shipments"
      ]
    },
    {
      "value": "Avg Sales",
      "synonyms": [
        "Avg Sales"
      ]
    },
    {
      "value": "average sales amount",
      "synonyms": [
        "average sales amount"
      ]
    },
    {
      "value": "late shipment",
      "synonyms": [
        "late shipment"
      ]
    },
    {
      "value": "sold",
      "synonyms": [
        "sold"
      ]
    },
    {
      "value": "invoice",
      "synonyms": [
        "invoice"
      ]
    },
    {
      "value": "review buckets",
      "synonyms": [
        "review buckets"
      ]
    },
    {
      "value": "discounting",
      "synonyms": [
        "discounting"
      ]
    },
    {
      "value": "Cy sales",
      "synonyms": [
        "Cy sales"
      ]
    },
    {
      "value": "margim",
      "synonyms": [
        "margim"
      ]
    },
    {
      "value": "gasolina",
      "synonyms": [
        "gasolina"
      ]
    },
    {
      "value": "Volume",
      "synonyms": [
        "Volume"
      ]
    },
    {
      "value": "employees",
      "synonyms": [
        "employees"
      ]
    },
    {
      "value": "Last year sales",
      "synonyms": [
        "Last year sales"
      ]
    },
    {
      "value": "money",
      "synonyms": [
        "money"
      ]
    },
    {
      "value": "gross margin",
      "synonyms": [
        "gross margin"
      ]
    },
    {
      "value": "Order count",
      "synonyms": [
        "Order count"
      ]
    },
    {
      "value": "average sales",
      "synonyms": [
        "average sales"
      ]
    },
    {
      "value": "Price",
      "synonyms": [
        "Price"
      ]
    },
    {
      "value": "total accidents",
      "synonyms": [
        "total accidents"
      ]
    },
    {
      "value": "total accident",
      "synonyms": [
        "total accident"
      ]
    },
    {
      "value": "gross profit",
      "synonyms": [
        "gross profit"
      ]
    },
    {
      "value": "monthly sales",
      "synonyms": [
        "monthly sales"
      ]
    },
    {
      "value": "exchange rate",
      "synonyms": [
        "exchange rate"
      ]
    },
    {
      "value": "TY sales",
      "synonyms": [
        "TY sales"
      ]
    },
    {
      "value": "MTD Revenue",
      "synonyms": [
        "MTD Revenue"
      ]
    },
    {
      "value": "turnover",
      "synonyms": [
        "turnover"
      ]
    },
    {
      "value": "orders",
      "synonyms": [
        "orders"
      ]
    },
    {
      "value": "utilization",
      "synonyms": [
        "utilization"
      ]
    },
    {
      "value": "Net profit",
      "synonyms": [
        "Net profit"
      ]
    },
    {
      "value": "Growth",
      "synonyms": [
        "Growth"
      ]
    },
    {
      "value": "data",
      "synonyms": [
        "data"
      ]
    },
    {
      "value": "total year sales",
      "synonyms": [
        "total year sales"
      ]
    },
    {
      "value": "year sales",
      "synonyms": [
        "year sales"
      ]
    },
    {
      "value": "total",
      "synonyms": [
        "total"
      ]
    },
    {
      "value": "Lytd",
      "synonyms": [
        "Lytd"
      ]
    },
    {
      "value": "average leadtime",
      "synonyms": [
        "average leadtime"
      ]
    },
    {
      "value": "units",
      "synonyms": [
        "units"
      ]
    },
    {
      "value": "cos",
      "synonyms": [
        "cos"
      ]
    },
    {
      "value": "on time shipments",
      "synonyms": [
        "on time shipments"
      ]
    },
    {
      "value": "performance",
      "synonyms": [
        "performance"
      ]
    },
    {
      "value": "Ly",
      "synonyms": [
        "Ly"
      ]
    },
    {
      "value": "ty",
      "synonyms": [
        "ty"
      ]
    },
    {
      "value": "cy",
      "synonyms": [
        "cy"
      ]
    },
    {
      "value": "# Stores",
      "synonyms": [
        "# Stores"
      ]
    },
    {
      "value": "Price Loss",
      "synonyms": [
        "Price Loss"
      ]
    },
    {
      "value": "MarkDown",
      "synonyms": [
        "MarkDown"
      ]
    },
    {
      "value": "Actual Quantity",
      "synonyms": [
        "Actual Quantity"
      ]
    },
    {
      "value": "Total MarkDown",
      "synonyms": [
        "Total MarkDown"
      ]
    },
    {
      "value": "Sales % of Full Retail Value",
      "synonyms": [
        "Sales % of Full Retail Value"
      ]
    },
    {
      "value": "Delta Cost per unit",
      "synonyms": [
        "Delta Cost per unit"
      ]
    },
    {
      "value": "Over forecast Value",
      "synonyms": [
        "Over forecast Value"
      ]
    },
    {
      "value": "Delta Turnover Absolute",
      "synonyms": [
        "Delta Turnover Absolute"
      ]
    },
    {
      "value": "Forecast Turnover Accuracy %",
      "synonyms": [
        "Forecast Turnover Accuracy %"
      ]
    },
    {
      "value": "MarkDown%",
      "synonyms": [
        "MarkDown%"
      ]
    },
    {
      "value": "Mark Down Percentage",
      "synonyms": [
        "Mark Down Percentage"
      ]
    },
    {
      "value": "Sum of Absolute Variance",
      "synonyms": [
        "Sum of Absolute Variance"
      ]
    },
    {
      "value": "Delta Turnover",
      "synonyms": [
        "Delta Turnover"
      ]
    },
    {
      "value": "Predicted Quantity",
      "synonyms": [
        "Predicted Quantity"
      ]
    },
    {
      "value": "Customer Mean Absolute Deviation",
      "synonyms": [
        "Customer Mean Absolute Deviation"
      ]
    },
    {
      "value": "Forecast Absolute Accuracy %",
      "synonyms": [
        "Forecast Absolute Accuracy %"
      ]
    },
    {
      "value": "Actual Turnover",
      "synonyms": [
        "Actual Turnover"
      ]
    },
    {
      "value": "Rounded Mean Absolute  Deviation",
      "synonyms": [
        "Rounded Mean Absolute  Deviation"
      ]
    },
    {
      "value": "SoldQuantity",
      "synonyms": [
        "SoldQuantity"
      ]
    },
    {
      "value": "Relative Mean Absolute Deviation",
      "synonyms": [
        "Relative Mean Absolute Deviation"
      ]
    },
    {
      "value": "Under forecast value",
      "synonyms": [
        "Under forecast value"
      ]
    },
    {
      "value": "Underforecast as a % of Sales",
      "synonyms": [
        "Underforecast as a % of Sales"
      ]
    },
    {
      "value": "Mean Absolute Deviation",
      "synonyms": [
        "Mean Absolute Deviation"
      ]
    },
    {
      "value": "SoldTurnover",
      "synonyms": [
        "SoldTurnover"
      ]
    },
    {
      "value": "Sum of Variance",
      "synonyms": [
        "Sum of Variance"
      ]
    },
    {
      "value": "Forecast Turnover",
      "synonyms": [
        "Forecast Turnover"
      ]
    },
    {
      "value": "Overforecast as % of Turnover",
      "synonyms": [
        "Overforecast as % of Turnover"
      ]
    },
    {
      "value": "Full Retail Value",
      "synonyms": [
        "Full Retail Value"
      ]
    }
  ],
  "isEnum": true,
  "automatedExpansion": true
}